Year,Route_ID,Ticket,Extra Baggage,Food & Onboard,Seat Upgrade,Change Fee,Refund,Total_Revenue
2024,YEG-YVR,1427526.99,18735.62,3607.74,4378.55,5025.00,-26842.50,1432431.40
2024,YEG-YYC,774550.47,15288.93,2722.30,3651.27,3375.00,-12913.62,786674.35
2024,YEG-YZF,501976.58,5603.72,1053.74,1342.58,1725.00,-27017.85,484683.77
2024,YHZ-YUL,648791.19,8459.71,1573.90,2274.84,2325.00,-9841.28,653583.36
2024,YHZ-YYT,507353.39,5405.48,845.51,2102.26,1350.00,-90225.31,426831.33
2024,YHZ-YYZ,1456744.15,13537.48,3080.41,5327.24,2475.00,-27045.66,1454118.62
2024,YLW-YVR,835277.02,15585.44,2651.48,3782.33,3450.00,-18305.67,842440.60
2024,YLW-YYC,395430.54,6548.31,1098.92,2251.42,1650.00,-12906.64,394072.55
2024,YOW-YYZ,1092195.46,18358.29,3831.79,4395.77,3975.00,-23881.42,1098874.89
2024,YQB-YUL,439936.71,7428.73,1303.85,1347.60,1875.00,-6602.20,445289.69
2024,YQR-YYC,562875.58,7351.54,1843.01,2717.18,2025.00,-8996.47,567815.84
2024,YUL-YHZ,547402.17,6269.62,1342.17,2414.25,1350.00,-7490.98,551287.23
2024,YUL-YQB,476061.43,8734.95,1922.84,2122.91,1725.00,-11388.98,479178.15
2024,YUL-YVR,3038737.84,15649.98,2965.16,8970.13,4500.00,-75436.13,2995386.98
2024,YUL-YYZ,1417402.59,21303.78,3730.45,5771.69,4950.00,-26585.44,1426573.07
2024,YVR-YEG,1275860.21,15116.76,2930.93,4829.36,3900.00,-20677.83,1281959.43
2024,YVR-YLW,907145.65,15689.36,3116.53,3962.05,3975.00,-22101.20,911787.39
2024,YVR-YUL,2714104.67,13501.02,2560.27,8295.33,6100.00,-48215.96,2696345.33
2024,YVR-YXS,379368.05,6356.23,1362.15,1384.66,1200.00,-10509.71,379161.38
2024,YVR-YXY,441949.30,4619.54,998.09,1709.06,1800.00,-23907.63,427168.36
2024,YVR-YYC,1992224.35,28001.45,4966.00,7812.17,8100.00,-45150.62,1995953.35
2024,YVR-YYJ,834547.46,16722.87,3659.85,3914.71,4200.00,-16037.98,847006.91
2024,YVR-YYZ,5407717.06,25602.07,4808.37,15673.22,9400.00,-113039.31,5350161.41
2024,YWG-YYC,1002892.57,11861.95,1593.05,3101.61,2175.00,-27609.11,994015.07
2024,YWG-YYZ,1167457.74,10822.69,2007.66,4099.73,5000.00,-29963.87,1159423.95
2024,YXE-YYC,520943.22,9250.81,1665.98,2508.26,1725.00,-8174.33,527918.94
2024,YXS-YVR,356000.77,6043.44,773.32,1496.00,1350.00,-9270.85,356392.68
2024,YXX-YYC,387850.41,5194.98,1153.22,1552.50,1050.00,-2730.61,394070.50
2024,YXY-YVR,461287.10,4274.10,981.71,1664.36,1000.00,-27733.68,441473.59
2024,YYC-YEG,782671.63,15834.53,2691.58,2997.59,3975.00,-19327.91,788842.42
2024,YYC-YLW,437151.95,6779.89,1277.98,1630.46,1425.00,-6943.85,441321.43
2024,YYC-YQR,497504.72,7252.54,1369.37,2079.69,1125.00,-12284.09,497047.23
2024,YYC-YVR,2108208.29,28140.04,6173.14,7532.79,8100.00,-50581.59,2107572.67
2024,YYC-YWG,890026.71,9059.55,1622.93,3231.66,2325.00,-16963.08,889302.77
2024,YYC-YXE,467931.06,9073.36,1518.38,2240.97,1500.00,-10848.50,471415.27
2024,YYC-YXX,403510.17,3399.75,1049.82,1790.03,1800.00,-10014.38,401535.39
2024,YYC-YYZ,2668819.79,12997.57,3133.13,7975.78,4300.00,-48195.92,2649030.35
2024,YYJ-YVR,792313.19,16631.79,3171.16,3804.15,3975.00,-14641.12,805254.17
2024,YYT-YHZ,604703.71,7958.96,1313.20,1319.65,1725.00,-104738.55,512281.97
2024,YYT-YYZ,1224914.64,8546.67,2016.46,3409.62,2400.00,-233664.19,1007623.20
2024,YYZ-YHZ,1265770.43,10842.13,2209.32,3159.21,2850.00,-34117.77,1250713.32
2024,YYZ-YOW,1040829.10,17608.44,3532.51,3908.21,4350.00,-22387.12,1047841.14
2024,YYZ-YUL,1309378.71,15113.68,4016.00,4726.58,3900.00,-26534.02,1310600.95
2024,YYZ-YVR,6058442.52,29365.01,5612.63,17219.74,8600.00,-123044.87,5996195.03
2024,YYZ-YWG,1231658.68,11387.86,2054.22,3696.66,4100.00,-23591.17,1229306.25
2024,YYZ-YYC,3056225.99,16526.64,3578.94,9558.55,7700.00,-76878.96,3016711.16
2024,YYZ-YYT,1164546.88,8059.70,1766.35,3095.09,2900.00,-221557.67,958810.35
2024,YZF-YEG,482403.77,5184.38,977.54,1237.96,975.00,-23464.90,467313.75
2025,YEG-YVR,4386474.04,59781.17,13803.08,17547.53,14850.00,-136206.02,4356249.80
2025,YEG-YYC,2486917.68,52235.81,11615.52,11290.66,13200.00,-79961.23,2495298.44
2025,YEG-YZF,1589099.72,18840.20,4286.47,5328.16,5850.00,-83402.31,1540002.24
2025,YHZ-YQM,372257.33,7068.07,1801.15,1371.07,2475.00,-8234.11,376738.51
2025,YHZ-YUL,2002152.76,29139.16,6502.92,8785.93,7275.00,-72192.23,1981663.54
2025,YHZ-YYT,1522588.66,20988.41,4405.00,6951.59,4575.00,-318971.48,1240537.18
2025,YHZ-YYZ,4766316.75,55279.15,12225.27,18528.75,13800.00,-144874.57,4721275.35
2025,YLW-YVR,2694737.13,52611.29,11067.09,11611.94,13500.00,-71034.70,2712492.75
2025,YLW-YYC,1218675.98,21455.55,4586.68,5607.82,4875.00,-33067.95,1222133.08
2025,YOW-YUL,674569.44,14939.39,2865.82,2917.48,3975.00,-15016.82,684250.31
2025,YOW-YYZ,3420286.99,66720.20,13844.68,14376.58,19050.00,-103323.30,3430955.15
2025,YQB-YUL,1381248.03,27025.46,5742.10,5618.72,7200.00,-35429.81,1391404.50
2025,YQM-YHZ,368133.28,7029.53,1457.71,1479.06,1725.00,-6122.91,373701.67
2025,YQR-YYC,1831843.23,28091.48,6427.66,7919.17,7425.00,-46106.48,1835600.06
2025,YUL-YHZ,1850638.73,25395.81,6184.20,7628.30,6975.00,-65228.19,1831593.85
2025,YUL-YOW,676712.26,12934.54,2888.46,3275.85,3450.00,-19041.40,680219.71
2025,YUL-YQB,1545040.66,31332.28,7266.00,7572.14,6225.00,-43370.49,1554065.59
2025,YUL-YVR,9400998.58,52375.39,11761.48,30575.80,15700.00,-304725.29,9206685.96
2025,YUL-YYZ,4394449.96,75100.61,18329.79,20443.35,17325.00,-133384.89,4392263.82
2025,YVR-YEG,4077550.22,55291.72,12693.21,16373.01,12750.00,-135009.22,4039648.94
2025,YVR-YLW,2827977.81,52112.22,11905.25,13189.41,14550.00,-73430.29,2846304.40
2025,YVR-YUL,8554225.66,48361.36,11142.46,27207.33,15200.00,-257009.58,8399127.23
2025,YVR-YXS,1145064.65,18183.85,3701.18,4766.16,4950.00,-35481.44,1141184.40
2025,YVR-YXY,2034521.80,18944.81,4694.22,8114.33,6700.00,-70367.30,2002607.86
2025,YVR-YYC,6201502.65,93171.94,20096.98,27477.88,23775.00,-163745.96,6202278.49
2025,YVR-YYJ,2604809.02,59048.83,13283.27,13153.56,18750.00,-78907.90,2630136.78
2025,YVR-YYZ,17024100.39,96756.13,20554.35,55555.74,32200.00,-485233.61,16743933.00
2025,YWG-YYC,3118761.33,36930.33,8600.88,12961.45,8700.00,-106895.38,3079058.61
2025,YWG-YYZ,3548916.84,34605.00,7500.21,14441.53,12400.00,-91810.87,3526052.71
2025,YXE-YYC,1660391.39,29827.15,6389.22,7092.97,7050.00,-52147.25,1658603.48
2025,YXS-YVR,1169143.60,18421.28,4143.22,3944.60,5550.00,-37045.64,1164157.06
2025,YXU-YYZ,739673.94,14609.05,3755.73,3437.62,3600.00,-22017.52,743058.82
2025,YXX-YYC,1247070.34,17902.19,4587.24,5128.30,4650.00,-50160.85,1229177.22
2025,YXY-YVR,2110090.60,19502.29,4679.17,5718.73,5600.00,-95604.03,2049986.76
2025,YYC-YEG,2516875.32,50601.41,12459.39,13502.26,12450.00,-67206.37,2538682.01
2025,YYC-YLW,1411801.77,25380.69,5650.56,6339.91,6600.00,-48897.50,1406875.43
2025,YYC-YQR,1627910.40,26345.51,5162.34,6958.81,7125.00,-47799.17,1625702.89
2025,YYC-YVR,6914404.95,103023.72,22933.49,28564.26,24075.00,-188421.15,6904580.27
2025,YYC-YWG,2806275.73,32589.03,7251.69,10272.32,9075.00,-89834.79,2775628.98
2025,YYC-YXE,1482051.01,24612.86,5359.54,6178.95,7350.00,-36087.36,1489465.00
2025,YYC-YXX,1274936.73,12088.99,4059.14,4876.71,4725.00,-40474.49,1260212.08
2025,YYC-YYZ,8572401.59,47207.51,13953.09,25639.01,19100.00,-241598.94,8436702.26
2025,YYJ-YVR,2514219.73,60993.28,12559.29,11617.87,15450.00,-86588.72,2528251.45
2025,YYT-YHZ,1907880.05,23064.53,5366.20,7556.53,6375.00,-392589.34,1557652.97
2025,YYT-YYZ,3715512.06,27613.18,6293.14,11647.42,10100.00,-718630.64,3052535.16
2025,YYZ-YHZ,3967200.50,37200.78,10088.93,15783.35,11850.00,-125457.73,3916665.83
2025,YYZ-YOW,3251039.04,64314.18,14393.19,14857.04,17025.00,-87253.00,3274375.45
2025,YYZ-YUL,4143583.62,56950.56,15826.38,20847.56,17100.00,-122019.54,4132288.58
2025,YYZ-YVR,18447192.84,94064.87,22168.53,58413.86,32300.00,-503481.70,18150658.40
2025,YYZ-YWG,4033033.85,40245.28,9086.18,15498.40,10100.00,-107470.58,4000493.13
2025,YYZ-YXU,746321.07,16267.69,3462.34,3831.52,4125.00,-21968.69,752038.93
2025,YYZ-YYC,9766914.79,53936.37,14958.06,35310.78,23500.00,-304486.27,9590133.73
2025,YYZ-YYT,3566605.45,26717.06,5963.62,12914.32,10600.00,-720176.61,2902623.84
2025,YZF-YEG,1491590.92,17674.40,4229.99,6107.13,4200.00,-73536.38,1450266.06
2026,YEG-YVR,3023668.16,41808.59,9109.57,11430.02,8475.00,-89428.88,3005062.46
2026,YEG-YYC,1740847.13,34941.68,7896.84,7924.29,7875.00,-53800.55,1745684.39
2026,YEG-YZF,1091004.60,13341.96,2726.00,3947.97,2625.00,-46659.59,1066985.94
2026,YHZ-YQM,391723.68,8033.42,1806.38,2368.57,2700.00,-9124.01,397508.04
2026,YHZ-YUL,1414910.60,19811.25,4995.13,5785.42,4725.00,-42196.04,1408031.36
2026,YHZ-YYT,1014240.98,11896.80,2572.81,3235.42,2850.00,-216247.79,818548.22
2026,YHZ-YYZ,3261724.35,37431.43,7329.11,13510.46,9525.00,-105893.70,3223626.65
2026,YLW-YVR,1826753.80,35247.07,7771.44,9488.44,8100.00,-50062.07,1837298.68
2026,YLW-YYC,853369.19,15164.44,3494.41,3373.89,3225.00,-23220.70,855406.23
2026,YOW-YUL,641129.46,13437.94,2880.09,3255.96,3225.00,-16336.44,647592.01
2026,YOW-YYZ,2338375.74,44003.36,10585.83,11347.15,11325.00,-87683.61,2327953.47
2026,YQB-YUL,939133.98,19135.89,4093.19,3721.09,4500.00,-24854.90,945729.25
2026,YQM-YHZ,392245.12,8433.04,1766.42,2003.11,2475.00,-16602.77,390319.92
2026,YQR-YYC,1305891.92,19673.36,4076.11,5264.31,5325.00,-35220.06,1305010.64
2026,YUL-YHZ,1281150.58,17971.08,3750.55,5586.21,2925.00,-36739.83,1274643.59
2026,YUL-YOW,646403.85,12860.17,3072.08,3315.99,3525.00,-25989.26,643187.83
2026,YUL-YQB,1074507.93,20319.26,4773.85,4612.16,5025.00,-27896.47,1081341.73
2026,YUL-YVR,6422277.57,37409.55,7762.45,20127.04,10000.00,-203959.00,6293617.61
2026,YUL-YYZ,2975473.10,51456.74,12014.63,14041.93,14775.00,-107747.30,2960014.10
2026,YVR-YEG,2792977.84,36738.87,8221.76,10579.79,9375.00,-73174.54,2784718.72
2026,YVR-YLW,1931140.13,36216.69,8586.42,8471.97,9375.00,-54140.15,1939650.06
2026,YVR-YUL,5876308.48,31801.67,6760.98,19226.28,11600.00,-173725.20,5771972.21
2026,YVR-YXS,786991.99,11915.12,2769.56,2742.17,3000.00,-10410.86,797007.98
2026,YVR-YXY,1618434.92,14347.08,2501.33,5494.03,5100.00,-68012.87,1577864.49
2026,YVR-YYC,4326362.49,62084.77,13760.92,18262.31,14475.00,-125771.01,4309174.48
2026,YVR-YYJ,1783887.18,41315.61,9118.75,8958.65,10725.00,-59385.58,1794619.61
2026,YVR-YYZ,11580036.66,62798.13,14209.48,33647.41,20800.00,-346328.55,11365163.13
2026,YWG-YYC,2228514.16,25658.00,5072.78,7808.56,6450.00,-69744.62,2203758.88
2026,YWG-YYZ,2422412.69,22732.64,5106.50,8415.46,6600.00,-89330.21,2375937.08
2026,YXE-YYC,1173680.14,18400.17,3782.62,5237.39,5625.00,-38452.20,1168273.12
2026,YXS-YVR,798951.84,12413.09,2562.71,2815.28,3000.00,-20141.20,799601.72
2026,YXU-YYZ,618721.67,13867.40,3157.29,2830.35,2925.00,-20627.37,620874.34
2026,YXX-YYC,877462.76,11941.24,3018.84,3164.19,2850.00,-26048.30,872388.73
2026,YXY-YVR,1673956.95,14600.92,2693.05,5959.91,5200.00,-49043.01,1653367.82
2026,YYC-YEG,1749175.13,33779.26,8422.30,7514.97,9225.00,-56128.84,1751987.82
2026,YYC-YLW,980509.32,17289.58,3761.56,4416.56,4800.00,-31792.31,978984.71
2026,YYC-YQR,1155450.33,17769.16,3504.93,4125.33,4650.00,-38083.36,1147416.39
2026,YYC-YVR,4819543.43,66913.39,15870.52,17380.82,19575.00,-152908.11,4786375.05
2026,YYC-YWG,1966243.77,20194.07,5057.24,7161.83,6750.00,-53865.96,1951540.95
2026,YYC-YXE,1016803.96,17035.84,3773.97,4520.16,4050.00,-26069.63,1020114.30
2026,YYC-YXX,896753.12,8005.60,2934.17,4480.86,3000.00,-30616.50,884557.25
2026,YYC-YYZ,5989219.00,30403.07,8641.99,17552.95,16400.00,-209179.38,5853037.63
2026,YYJ-YVR,1714944.26,39164.63,9350.88,7149.70,9600.00,-45337.47,1734872.00
2026,YYT-YHZ,1319763.73,17270.97,3439.74,4900.40,5100.00,-283828.18,1066646.66
2026,YYT-YYZ,2619868.15,20973.90,4179.84,8278.19,5400.00,-477536.26,2181163.82
2026,YYZ-YHZ,2664208.05,26552.22,6454.26,10053.28,7275.00,-60779.14,2653763.67
2026,YYZ-YOW,2226230.04,42293.29,9187.98,9991.91,10875.00,-63922.80,2234655.42
2026,YYZ-YUL,2820660.81,44164.51,11695.91,12880.77,12075.00,-72591.38,2828885.62
2026,YYZ-YVR,12660687.10,62659.05,14744.10,42103.42,20000.00,-344706.67,12455487.00
2026,YYZ-YWG,2774811.93,26715.12,6460.48,10367.62,8400.00,-93560.19,2733194.96
2026,YYZ-YXU,629188.67,14753.98,3222.69,3013.42,4725.00,-19908.50,634995.26
2026,YYZ-YYC,6853763.27,35970.61,9927.77,23164.02,14700.00,-178156.18,6759369.49
2026,YYZ-YYT,2501080.20,19609.00,4116.75,8377.11,5900.00,-456440.24,2082642.82
2026,YZF-YEG,1011305.01,12854.11,2761.83,4322.52,3600.00,-55724.42,979119.05
