Year,Route_ID,Total_Revenue,Total_Cost,Profit
2024,YEG-YVR,1432431.40,1165084.39,267347.01
2024,YEG-YYC,786674.35,635467.07,151207.28
2024,YEG-YZF,484683.77,526664.45,-41980.68
2024,YHZ-YUL,653583.36,613419.60,40163.76
2024,YHZ-YYT,426831.33,391756.50,35074.83
2024,YHZ-YYZ,1454118.62,1340253.97,113864.65
2024,YLW-YVR,842440.60,667940.20,174500.40
2024,YLW-YYC,394072.55,325842.84,68229.71
2024,YOW-YYZ,1098874.89,1026991.91,71882.98
2024,YQB-YUL,445289.69,339941.65,105348.04
2024,YQR-YYC,567815.84,460503.16,107312.68
2024,YUL-YHZ,551287.23,516991.86,34295.37
2024,YUL-YQB,479178.15,369084.57,110093.58
2024,YUL-YVR,2995386.98,2845480.37,149906.61
2024,YUL-YYZ,1426573.07,1274718.31,151854.76
2024,YVR-YEG,1281959.43,1011728.12,270231.31
2024,YVR-YLW,911787.39,690746.26,221041.13
2024,YVR-YUL,2696345.33,2534440.68,161904.65
2024,YVR-YXS,379161.38,382673.62,-3512.24
2024,YVR-YXY,427168.36,563201.06,-136032.70
2024,YVR-YYC,1995953.35,1517043.87,478909.48
2024,YVR-YYJ,847006.91,731596.35,115410.56
2024,YVR-YYZ,5350161.41,4570542.57,779618.84
2024,YWG-YYC,994015.07,854899.13,139115.94
2024,YWG-YYZ,1159423.95,993897.73,165526.22
2024,YXE-YYC,527918.94,420659.64,107259.30
2024,YXS-YVR,356392.68,374191.49,-17798.81
2024,YXX-YYC,394070.50,405022.19,-10951.69
2024,YXY-YVR,441473.59,615154.17,-173680.58
2024,YYC-YEG,788842.42,641574.34,147268.08
2024,YYC-YLW,441321.43,345041.57,96279.86
2024,YYC-YQR,497047.23,414693.30,82353.93
2024,YYC-YVR,2107572.67,1635775.43,471797.24
2024,YYC-YWG,889302.77,750701.02,138601.75
2024,YYC-YXE,471415.27,387840.29,83574.98
2024,YYC-YXX,401535.39,420640.94,-19105.55
2024,YYC-YYZ,2649030.35,2129763.65,519266.70
2024,YYJ-YVR,805254.17,692675.19,112578.98
2024,YYT-YHZ,512281.97,481576.14,30705.83
2024,YYT-YYZ,1007623.20,993167.43,14455.77
2024,YYZ-YHZ,1250713.32,1164198.43,86514.89
2024,YYZ-YOW,1047841.14,976447.90,71393.24
2024,YYZ-YUL,1310600.95,1168654.98,141945.97
2024,YYZ-YVR,5996195.03,5137062.65,859132.38
2024,YYZ-YWG,1229306.25,1015487.86,213818.39
2024,YYZ-YYC,3016711.16,2401281.32,615429.84
2024,YYZ-YYT,958810.35,908840.93,49969.42
2024,YZF-YEG,467313.75,527526.98,-60213.23
2025,YEG-YVR,4356249.80,3868725.98,487523.82
2025,YEG-YYC,2495298.44,2169533.27,325765.17
2025,YEG-YZF,1540002.24,1803937.46,-263935.22
2025,YHZ-YQM,376738.51,1378581.33,-1001842.82
2025,YHZ-YUL,1981663.54,3594443.66,-1612780.12
2025,YHZ-YYT,1240537.18,1271615.26,-31078.08
2025,YHZ-YYZ,4721275.35,8402574.66,-3681299.31
2025,YLW-YVR,2712492.75,2324835.93,387656.82
2025,YLW-YYC,1222133.08,1068590.10,153542.98
2025,YOW-YUL,684250.31,2433046.59,-1748796.28
2025,YOW-YYZ,3430955.15,6415993.68,-2985038.53
2025,YQB-YUL,1391404.50,1155819.00,235585.50
2025,YQM-YHZ,373701.67,1364234.69,-990533.02
2025,YQR-YYC,1835600.06,1599805.75,235794.31
2025,YUL-YHZ,1831593.85,3333246.05,-1501652.20
2025,YUL-YOW,680219.71,2443275.54,-1763055.83
2025,YUL-YQB,1554065.59,1297185.65,256879.94
2025,YUL-YVR,9206685.96,16891256.32,-7684570.36
2025,YUL-YYZ,4392263.82,7893984.18,-3501720.36
2025,YVR-YEG,4039648.94,3491463.98,548184.96
2025,YVR-YLW,2846304.40,2325722.68,520581.72
2025,YVR-YUL,8399127.23,15376060.29,-6976933.06
2025,YVR-YXS,1141184.40,1242094.25,-100909.85
2025,YVR-YXY,2002607.86,1994075.56,8532.30
2025,YVR-YYC,6202278.49,5029457.32,1172821.17
2025,YVR-YYJ,2630136.78,2473641.18,156495.60
2025,YVR-YYZ,16743933.00,15596722.74,1147210.26
2025,YWG-YYC,3079058.61,2837146.81,241911.80
2025,YWG-YYZ,3526052.71,3245287.82,280764.89
2025,YXE-YYC,1658603.48,1433809.29,224794.19
2025,YXS-YVR,1164157.06,1323787.74,-159630.68
2025,YXU-YYZ,743058.82,2581456.21,-1838397.39
2025,YXX-YYC,1229177.22,1390801.16,-161623.94
2025,YXY-YVR,2049986.76,2128916.44,-78929.68
2025,YYC-YEG,2538682.01,2209934.66,328747.35
2025,YYC-YLW,1406875.43,1188479.69,218395.74
2025,YYC-YQR,1625702.89,1443455.19,182247.70
2025,YYC-YVR,6904580.27,5736107.07,1168473.20
2025,YYC-YWG,2775628.98,2525621.26,250007.72
2025,YYC-YXE,1489465.00,1304402.33,185062.67
2025,YYC-YXX,1260212.08,1408921.42,-148709.34
2025,YYC-YYZ,8436702.26,7293779.39,1142922.87
2025,YYJ-YVR,2528251.45,2384569.81,143681.64
2025,YYT-YHZ,1557652.97,1639354.79,-81701.82
2025,YYT-YYZ,3052535.16,3263773.92,-211238.76
2025,YYZ-YHZ,3916665.83,7015598.76,-3098932.93
2025,YYZ-YOW,3274375.45,6077845.22,-2803469.77
2025,YYZ-YUL,4132288.58,7420028.16,-3287739.58
2025,YYZ-YVR,18150658.40,16917440.71,1233217.69
2025,YYZ-YWG,4000493.13,3586851.49,413641.64
2025,YYZ-YXU,752038.93,2613686.97,-1861648.04
2025,YYZ-YYC,9590133.73,8219739.70,1370394.03
2025,YYZ-YYT,2902623.84,3009965.40,-107341.56
2025,YZF-YEG,1450266.06,1765833.36,-315567.30
2026,YEG-YVR,3005062.46,2704350.27,300712.19
2026,YEG-YYC,1745684.39,1501931.78,243752.61
2026,YEG-YZF,1066985.94,1259624.68,-192638.74
2026,YHZ-YQM,397508.04,1198420.06,-800912.02
2026,YHZ-YUL,1408031.36,2931940.18,-1523908.82
2026,YHZ-YYT,818548.22,854812.32,-36264.10
2026,YHZ-YYZ,3223626.65,6588343.06,-3364716.41
2026,YLW-YVR,1837298.68,1598709.34,238589.34
2026,YLW-YYC,855406.23,740640.20,114766.03
2026,YOW-YUL,647592.01,1953090.66,-1305498.65
2026,YOW-YYZ,2327953.47,4819695.88,-2491742.41
2026,YQB-YUL,945729.25,796970.99,148758.26
2026,YQM-YHZ,390319.92,1199483.90,-809163.98
2026,YQR-YYC,1305010.64,1123498.51,181512.13
2026,YUL-YHZ,1274643.59,2655643.05,-1380999.46
2026,YUL-YOW,643187.83,1977308.62,-1334120.79
2026,YUL-YQB,1081341.73,913753.36,167588.37
2026,YUL-YVR,6293617.61,13229161.07,-6935543.46
2026,YUL-YYZ,2960014.10,5876551.66,-2916537.56
2026,YVR-YEG,2784718.72,2424509.20,360209.52
2026,YVR-YLW,1939650.06,1609742.82,329907.24
2026,YVR-YUL,5771972.21,12118435.30,-6346463.09
2026,YVR-YXS,797007.98,866105.07,-69097.09
2026,YVR-YXY,1577864.49,1383128.00,194736.49
2026,YVR-YYC,4309174.48,3468820.47,840354.01
2026,YVR-YYJ,1794619.61,1715811.37,78808.24
2026,YVR-YYZ,11365163.13,10800434.72,564728.41
2026,YWG-YYC,2203758.88,2001521.04,202237.84
2026,YWG-YYZ,2375937.08,2243687.48,132249.60
2026,YXE-YYC,1168273.12,1001583.38,166689.74
2026,YXS-YVR,799601.72,916556.46,-116954.74
2026,YXU-YYZ,620874.34,1901403.04,-1280528.70
2026,YXX-YYC,872388.73,966475.37,-94086.64
2026,YXY-YVR,1653367.82,1462996.52,190371.30
2026,YYC-YEG,1751987.82,1514063.97,237923.85
2026,YYC-YLW,978984.71,816024.87,162959.84
2026,YYC-YQR,1147416.39,1012358.91,135057.48
2026,YYC-YVR,4786375.05,3949712.46,836662.59
2026,YYC-YWG,1951540.95,1752781.94,198759.01
2026,YYC-YXE,1020114.30,888020.63,132093.67
2026,YYC-YXX,884557.25,982131.43,-97574.18
2026,YYC-YYZ,5853037.63,5061369.81,791667.82
2026,YYJ-YVR,1734872.00,1647666.47,87205.53
2026,YYT-YHZ,1066646.66,1154778.63,-88131.97
2026,YYT-YYZ,2181163.82,2334772.37,-153608.55
2026,YYZ-YHZ,2653763.67,5386629.94,-2732866.27
2026,YYZ-YOW,2234655.42,4594079.97,-2359424.55
2026,YYZ-YUL,2828885.62,5544791.81,-2715906.19
2026,YYZ-YVR,12455487.00,11831088.84,624398.16
2026,YYZ-YWG,2733194.96,2500506.00,232688.96
2026,YYZ-YXU,634995.26,1938965.45,-1303970.19
2026,YYZ-YYC,6759369.49,5720635.44,1038734.05
2026,YYZ-YYT,2082642.82,2144341.29,-61698.47
2026,YZF-YEG,979119.05,1216774.23,-237655.18
