Year,Route_ID,Crew,Food,Fuel,Maintenance,Total
2024,YEG-YVR,361480.33,49652.04,371650.95,382301.07,1165084.39
2024,YEG-YYC,197840.79,26759.40,180263.58,230603.30,635467.07
2024,YEG-YZF,164330.84,20980.95,173214.06,168138.60,526664.45
2024,YHZ-YUL,190637.43,25969.80,195411.12,201401.25,613419.60
2024,YHZ-YYT,122640.95,16179.84,126275.87,126659.84,391756.50
2024,YHZ-YYZ,414194.91,55828.11,455956.77,414274.18,1340253.97
2024,YLW-YVR,207258.24,27818.23,193651.48,239212.25,667940.20
2024,YLW-YYC,100383.61,13514.66,97194.90,114749.67,325842.84
2024,YOW-YYZ,318550.01,42353.90,303403.10,362684.90,1026991.91
2024,YQB-YUL,105722.60,14129.32,96173.64,123916.09,339941.65
2024,YQR-YYC,142779.79,19495.68,143657.45,154570.24,460503.16
2024,YUL-YHZ,161770.68,21768.48,165522.74,167929.96,516991.86
2024,YUL-YQB,115245.80,15369.50,104687.79,133781.48,369084.57
2024,YUL-YVR,884947.09,122604.67,1139921.44,698007.17,2845480.37
2024,YUL-YYZ,395869.65,53568.38,387487.66,437792.62,1274718.31
2024,YVR-YEG,315669.15,42315.24,322918.67,330825.06,1011728.12
2024,YVR-YLW,215629.77,28806.49,198991.07,247318.93,690746.26
2024,YVR-YUL,789294.65,106009.67,1013465.60,625670.76,2534440.68
2024,YVR-YXS,119665.88,15895.32,116190.30,130922.12,382673.62
2024,YVR-YXY,175950.74,23632.19,193026.75,170591.38,563201.06
2024,YVR-YYC,472924.43,63103.34,474351.68,506664.42,1517043.87
2024,YVR-YYJ,228237.72,30577.95,183572.74,289207.94,731596.35
2024,YVR-YYZ,1422542.65,189922.24,1802036.27,1156041.41,4570542.57
2024,YWG-YYC,266932.91,36459.41,286118.94,265387.87,854899.13
2024,YWG-YYZ,309209.15,41646.59,346340.21,296701.78,993897.73
2024,YXE-YYC,130862.80,17245.89,127991.70,144559.25,420659.64
2024,YXS-YVR,116898.56,15552.46,113619.66,128120.81,374191.49
2024,YXX-YYC,125564.09,17149.47,127083.56,135225.07,405022.19
2024,YXY-YVR,191401.33,26427.25,211979.87,185345.72,615154.17
2024,YYC-YEG,199205.37,26121.71,183081.86,233165.40,641574.34
2024,YYC-YLW,107137.47,14650.55,102954.48,120299.07,345041.57
2024,YYC-YQR,128649.31,17246.61,129509.03,139288.35,414693.30
2024,YYC-YVR,508709.95,66832.11,512650.48,547582.89,1635775.43
2024,YYC-YWG,233463.43,31415.12,251347.74,234474.73,750701.02
2024,YYC-YXE,121176.94,15545.63,119031.71,132086.01,387840.29
2024,YYC-YXX,130005.45,17644.81,131494.35,141496.33,420640.94
2024,YYC-YYZ,657087.35,90737.73,809842.08,572096.49,2129763.65
2024,YYJ-YVR,216029.66,29035.17,173423.08,274187.28,692675.19
2024,YYT-YHZ,149657.04,19124.64,154978.08,157816.38,481576.14
2024,YYT-YYZ,307896.35,41551.04,362377.81,281342.23,993167.43
2024,YYZ-YHZ,364618.01,47133.14,392053.20,360394.08,1164198.43
2024,YYZ-YOW,303770.31,40733.57,288001.29,343942.73,976447.90
2024,YYZ-YUL,364192.50,48921.32,354754.00,400787.16,1168654.98
2024,YYZ-YVR,1591520.77,213339.93,2024820.53,1307381.42,5137062.65
2024,YYZ-YWG,316957.57,42371.50,352169.62,303989.17,1015487.86
2024,YYZ-YYC,750085.20,98588.97,912352.12,640255.03,2401281.32
2024,YYZ-YYT,280717.18,39612.82,329505.87,259005.06,908840.93
2024,YZF-YEG,164644.61,21086.30,173430.48,168365.59,527526.98
2025,YEG-YVR,1203954.58,151582.58,1246577.55,1266611.27,3868725.98
2025,YEG-YYC,675034.20,85917.57,625040.18,783541.32,2169533.27
2025,YEG-YZF,563092.15,70651.48,598031.39,572162.44,1803937.46
2025,YHZ-YQM,431379.68,55208.19,388033.87,503959.59,1378581.33
2025,YHZ-YUL,1117177.89,140316.90,1182707.12,1154241.75,3594443.66
2025,YHZ-YYT,395734.44,51973.62,413001.06,410906.14,1271615.26
2025,YHZ-YYZ,2608145.86,331470.06,2916490.54,2546468.20,8402574.66
2025,YLW-YVR,721202.74,92048.95,677657.29,833926.95,2324835.93
2025,YLW-YYC,331398.63,42658.21,320431.83,374101.43,1068590.10
2025,YOW-YUL,757624.72,94733.28,679668.77,901019.82,2433046.59
2025,YOW-YYZ,1994277.47,255482.73,1937276.28,2228957.20,6415993.68
2025,YQB-YUL,359817.78,45626.51,331243.31,419131.40,1155819.00
2025,YQM-YHZ,425305.70,54097.92,384292.25,500538.82,1364234.69
2025,YQR-YYC,496818.84,64636.26,506321.42,532029.23,1599805.75
2025,YUL-YHZ,1031405.18,130926.50,1094172.78,1076741.59,3333246.05
2025,YUL-YOW,762893.95,96435.63,682927.05,901018.91,2443275.54
2025,YUL-YQB,404571.93,51497.88,372636.38,468479.46,1297185.65
2025,YUL-YVR,5203994.37,638167.02,6947746.08,4101348.85,16891256.32
2025,YUL-YYZ,2460988.00,312699.91,2460112.10,2660184.17,7893984.18
2025,YVR-YEG,1089207.01,136983.80,1128289.90,1136983.27,3491463.98
2025,YVR-YLW,724917.88,92279.50,678236.03,830289.27,2325722.68
2025,YVR-YUL,4762348.66,610442.49,6323705.97,3679563.17,15376060.29
2025,YVR-YXS,386134.20,48638.31,383289.92,424031.82,1242094.25
2025,YVR-YXY,617824.07,78417.42,696227.50,601606.57,1994075.56
2025,YVR-YYC,1569218.57,201471.34,1592039.78,1666727.63,5029457.32
2025,YVR-YYJ,770217.99,97790.36,628939.06,976693.77,2473641.18
2025,YVR-YYZ,4846657.03,615189.59,6216901.10,3917975.02,15596722.74
2025,YWG-YYC,881782.66,110831.08,961593.57,882939.50,2837146.81
2025,YWG-YYZ,1010141.81,126292.55,1132025.01,976828.45,3245287.82
2025,YXE-YYC,446359.70,57725.33,441712.25,488012.01,1433809.29
2025,YXS-YVR,412280.50,52351.85,408129.99,451025.40,1323787.74
2025,YXU-YYZ,806202.86,101954.87,717826.74,955471.74,2581456.21
2025,YXX-YYC,431982.11,55110.49,436462.48,467246.08,1390801.16
2025,YXY-YVR,661093.56,84893.71,742418.94,640510.23,2128916.44
2025,YYC-YEG,689530.44,87413.61,636777.23,796213.38,2209934.66
2025,YYC-YLW,370225.04,47540.39,356025.35,414688.91,1188479.69
2025,YYC-YQR,447947.42,57917.92,456116.62,481473.23,1443455.19
2025,YYC-YVR,1785480.83,231159.12,1816580.50,1902886.62,5736107.07
2025,YYC-YWG,783529.13,98459.28,857151.05,786481.80,2525621.26
2025,YYC-YXE,406432.78,52461.72,400422.96,445084.87,1304402.33
2025,YYC-YXX,437703.99,55442.60,443190.39,472584.44,1408921.42
2025,YYC-YYZ,2265395.03,284278.86,2793245.77,1950859.73,7293779.39
2025,YYJ-YVR,743084.93,95318.39,605482.85,940683.64,2384569.81
2025,YYT-YHZ,508161.97,65316.46,534553.05,531323.31,1639354.79
2025,YYT-YYZ,1016809.28,129953.62,1199245.81,917765.21,3263773.92
2025,YYZ-YHZ,2172161.65,271496.35,2443678.54,2128262.22,7015598.76
2025,YYZ-YOW,1892751.45,238018.55,1834526.47,2112548.75,6077845.22
2025,YYZ-YUL,2305151.37,288718.07,2317320.60,2508838.12,7420028.16
2025,YYZ-YVR,5251743.36,668404.91,6736883.86,4260408.58,16917440.71
2025,YYZ-YWG,1116813.53,143755.46,1255778.65,1070503.85,3586851.49
2025,YYZ-YXU,815646.54,103560.05,727092.83,967387.55,2613686.97
2025,YYZ-YYC,2557630.70,321962.85,3138513.45,2201632.70,8219739.70
2025,YYZ-YYT,931191.42,113713.85,1112672.84,852387.29,3009965.40
2025,YZF-YEG,550915.75,69041.51,586394.60,559481.50,1765833.36
2026,YEG-YVR,851454.86,100154.91,886222.48,866518.02,2704350.27
2026,YEG-YYC,473277.84,57288.09,438953.35,532412.50,1501931.78
2026,YEG-YZF,396941.99,46218.42,425763.13,390701.14,1259624.68
2026,YHZ-YQM,379714.95,46284.92,355927.59,416492.60,1198420.06
2026,YHZ-YUL,926614.23,112644.75,961361.83,931319.37,2931940.18
2026,YHZ-YYT,265997.48,33364.06,284761.68,270689.10,854812.32
2026,YHZ-YYZ,2065820.44,250834.71,2280011.72,1991676.19,6588343.06
2026,YLW-YVR,502685.36,61331.37,470792.44,563900.17,1598709.34
2026,YLW-YYC,231265.68,28271.92,225179.70,255922.90,740640.20
2026,YOW-YUL,615305.99,74321.84,556098.75,707364.08,1953090.66
2026,YOW-YYZ,1514715.06,185727.26,1455367.00,1663886.56,4819695.88
2026,YQB-YUL,250585.50,30338.49,231991.38,284055.62,796970.99
2026,YQM-YHZ,375772.18,46856.20,352520.86,424334.66,1199483.90
2026,YQR-YYC,353001.43,43711.21,360329.74,366456.13,1123498.51
2026,YUL-YHZ,836137.53,101170.12,868430.85,849904.55,2655643.05
2026,YUL-YOW,623629.57,75585.81,562425.75,715667.49,1977308.62
2026,YUL-YQB,286827.78,34923.65,266892.72,325109.21,913753.36
2026,YUL-YVR,4114002.88,476250.98,5436903.66,3202003.55,13229161.07
2026,YUL-YYZ,1844796.85,223878.92,1829354.84,1978521.05,5876551.66
2026,YVR-YEG,766369.91,92240.62,790595.40,775303.27,2424509.20
2026,YVR-YLW,507825.61,61582.18,477824.40,562510.63,1609742.82
2026,YVR-YUL,3772632.79,471812.16,4972604.67,2901385.68,12118435.30
2026,YVR-YXS,273059.52,32386.13,269748.55,290910.87,866105.07
2026,YVR-YXY,434185.98,52167.07,488959.49,407815.46,1383128.00
2026,YVR-YYC,1092269.22,133145.10,1113283.15,1130123.00,3468820.47
2026,YVR-YYJ,541205.34,65804.29,443336.15,665465.59,1715811.37
2026,YVR-YYZ,3378240.05,409138.48,4362944.20,2650111.99,10800434.72
2026,YWG-YYC,629105.43,75102.98,686461.49,610851.14,2001521.04
2026,YWG-YYZ,704638.67,83462.41,794875.46,660710.94,2243687.48
2026,YXE-YYC,314770.13,38921.42,312761.77,335130.06,1001583.38
2026,YXS-YVR,288010.17,35338.51,287590.39,305617.39,916556.46
2026,YXU-YYZ,600638.29,72274.75,528908.98,699581.02,1901403.04
2026,YXX-YYC,304770.11,37256.21,306721.14,317727.91,966475.37
2026,YXY-YVR,456175.64,56112.98,518975.96,431731.94,1462996.52
2026,YYC-YEG,478342.97,57965.09,442563.22,535192.69,1514063.97
2026,YYC-YLW,257663.35,31434.46,247315.11,279611.95,816024.87
2026,YYC-YQR,317420.98,39770.77,324485.67,330681.49,1012358.91
2026,YYC-YVR,1245235.26,154391.04,1273100.84,1276985.32,3949712.46
2026,YYC-YWG,552541.85,65275.34,599826.36,535138.39,1752781.94
2026,YYC-YXE,278723.78,34696.64,276960.36,297639.85,888020.63
2026,YYC-YXX,307448.62,36905.66,313155.76,324621.39,982131.43
2026,YYC-YYZ,1587612.85,191278.47,1958129.31,1324349.18,5061369.81
2026,YYJ-YVR,518400.46,63715.39,426110.40,639440.22,1647666.47
2026,YYT-YHZ,361894.94,43372.27,381965.49,367545.93,1154778.63
2026,YYT-YYZ,727612.33,88942.76,874868.95,643348.33,2334772.37
2026,YYZ-YHZ,1682784.93,200483.49,1872379.89,1630981.63,5386629.94
2026,YYZ-YOW,1447258.52,175312.31,1382784.00,1588725.14,4594079.97
2026,YYZ-YUL,1738446.80,209243.34,1732253.28,1864848.39,5544791.81
2026,YYZ-YVR,3704620.47,452592.65,4763945.08,2909930.64,11831088.84
2026,YYZ-YWG,785531.07,95098.87,885261.48,734614.58,2500506.00
2026,YYZ-YXU,610412.71,74251.59,537348.60,716952.55,1938965.45
2026,YYZ-YYC,1789148.74,213913.61,2220087.31,1497485.78,5720635.44
2026,YYZ-YYT,669109.76,78619.63,799480.98,597130.92,2144341.29
2026,YZF-YEG,382770.64,46110.54,412754.25,375138.80,1216774.23
