City,Gate_Number,Route_ID,Year,Annual_Gate_Cost
Abbotsford,G1,YXX-YYC,2024-2025,"166,800"
Calgary,B1,YYC-YVR,2024-2025,"373,200"
Calgary,B1,YYC-YYZ,2024-2025,"373,200"
Calgary,B1,YYC-YEG,2024-2025,"373,200"
Calgary,B2,YYC-YWG,2024-2025,"351,900"
Calgary,B2,YYC-YXE,2024-2025,"351,900"
Calgary,B2,YYC-YQR,2024-2025,"351,900"
Calgary,B3,YYC-YLW,2024-2025,"340,700"
Calgary,B3,YYC-YXX,2024-2025,"340,700"
Edmonton,B1,YEG-YVR,2024-2025,"258,800"
Edmonton,B1,YEG-YYC,2024-2025,"258,800"
Edmonton,B2,YEG-YZF,2024-2025,"231,900"
Halifax,A1,YHZ-YYZ,2024-2025,"247,600"
Halifax,A1,YHZ-YUL,2024-2025,"247,600"
Halifax,A2,YHZ-YYT,2024-2025,"231,900"
Halifax,A2,YHZ-YQM,2024-2025,"231,900"
Halifax,A3,,2024-2025,"220,700"
Kelowna,A1,YLW-YVR,2024-2025,"203,800"
Kelowna,A1,YLW-YYC,2024-2025,"203,800"
London,B1,YXU-YYZ,2024-2025,"163,500"
Moncton,B1,YQM-YHZ,2024-2025,"155,600"
Montreal,D1,YUL-YVR,2024-2025,"394,600"
Montreal,D1,YUL-YYZ,2024-2025,"394,600"
Montreal,D2,YUL-YQB,2024-2025,"373,200"
Montreal,D2,YUL-YHZ,2024-2025,"373,200"
Montreal,D3,YUL-YOW,2024-2025,"356,400"
Ottawa,A1,YOW-YYZ,2024-2025,"226,300"
Ottawa,A1,YOW-YUL,2024-2025,"226,300"
Ottawa,A2,,2024-2025,"205,000"
Prince George,B1,YXS-YVR,2024-2025,"156,700"
Quebec City,A2,YQB-YUL,2024-2025,"171,300"
Regina,A2,YQR-YYC,2024-2025,"161,200"
Saskatoon,A1,YXE-YYC,2024-2025,"165,700"
St. John's,A2,YYT-YYZ,2024-2025,"184,800"
St. John's,A2,YYT-YHZ,2024-2025,"184,800"
Toronto,C1,YYZ-YVR,2024-2025,"487,700"
Toronto,C1,YYZ-YYC,2024-2025,"487,700"
Toronto,C2,YYZ-YUL,2024-2025,"476,400"
Toronto,C2,YYZ-YOW,2024-2025,"476,400"
Toronto,C3,YYZ-YHZ,2024-2025,"455,100"
Toronto,C3,YYZ-YWG,2024-2025,"455,100"
Toronto,C4,YYZ-YYT,2024-2025,"432,700"
Toronto,C4,YYZ-YXU,2024-2025,"432,700"
Vancouver,A1,YVR-YYZ,2024-2025,"466,300"
Vancouver,A1,YVR-YUL,2024-2025,"466,300"
Vancouver,A2,YVR-YYC,2024-2025,"455,100"
Vancouver,A2,YVR-YEG,2024-2025,"455,100"
Vancouver,A3,YVR-YLW,2024-2025,"443,900"
Vancouver,A3,YVR-YYJ,2024-2025,"443,900"
Vancouver,A4,YVR-YXY,2024-2025,"417,000"
Vancouver,A4,YVR-YXS,2024-2025,"417,000"
Victoria,G1,YYJ-YVR,2024-2025,"173,600"
Whitehorse,G1,YXY-YVR,2024-2025,"152,200"
Winnipeg,A1,YWG-YYC,2024-2025,"212,800"
Winnipeg,A1,YWG-YYZ,2024-2025,"212,800"
Yellowknife,A2,YZF-YEG,2024-2025,"150,000"
Abbotsford,G1,YXX-YYC,2025-2026,"170,200"
Calgary,B1,YYC-YVR,2025-2026,"382,200"
Calgary,B1,YYC-YYZ,2025-2026,"382,200"
Calgary,B1,YYC-YEG,2025-2026,"382,200"
Calgary,B2,YYC-YWG,2025-2026,"359,800"
Calgary,B2,YYC-YXE,2025-2026,"359,800"
Calgary,B2,YYC-YQR,2025-2026,"359,800"
Calgary,B3,YYC-YLW,2025-2026,"348,600"
Calgary,B3,YYC-YXX,2025-2026,"348,600"
Edmonton,B1,YEG-YVR,2025-2026,"264,400"
Edmonton,B1,YEG-YYC,2025-2026,"264,400"
Edmonton,B2,YEG-YZF,2025-2026,"236,400"
Halifax,A1,YHZ-YYZ,2025-2026,"253,200"
Halifax,A1,YHZ-YUL,2025-2026,"253,200"
Halifax,A2,YHZ-YYT,2025-2026,"236,400"
Halifax,A2,YHZ-YQM,2025-2026,"236,400"
Halifax,A3,,2025-2026,"225,200"
Kelowna,A1,YLW-YVR,2025-2026,"207,200"
Kelowna,A1,YLW-YYC,2025-2026,"207,200"
London,B1,YXU-YYZ,2025-2026,"165,700"
Moncton,B1,YQM-YHZ,2025-2026,"157,900"
Montreal,D1,YUL-YVR,2025-2026,"404,600"
Montreal,D1,YUL-YYZ,2025-2026,"404,600"
Montreal,D2,YUL-YQB,2025-2026,"382,200"
Montreal,D2,YUL-YHZ,2025-2026,"382,200"
Montreal,D3,YUL-YOW,2025-2026,"365,400"
Ottawa,A1,YOW-YYZ,2025-2026,"230,800"
Ottawa,A1,YOW-YUL,2025-2026,"230,800"
Ottawa,A2,,2025-2026,"208,300"
Prince George,B1,YXS-YVR,2025-2026,"159,000"
Quebec City,A2,YQB-YUL,2025-2026,"174,700"
Regina,A2,YQR-YYC,2025-2026,"163,500"
Saskatoon,A1,YXE-YYC,2025-2026,"167,900"
St. John's,A2,YYT-YYZ,2025-2026,"188,100"
St. John's,A2,YYT-YHZ,2025-2026,"188,100"
Toronto,C1,YYZ-YVR,2025-2026,"500,000"
Toronto,C1,YYZ-YYC,2025-2026,"500,000"
Toronto,C2,YYZ-YUL,2025-2026,"488,800"
Toronto,C2,YYZ-YOW,2025-2026,"488,800"
Toronto,C3,YYZ-YHZ,2025-2026,"466,300"
Toronto,C3,YYZ-YWG,2025-2026,"466,300"
Toronto,C4,YYZ-YYT,2025-2026,"443,900"
Toronto,C4,YYZ-YXU,2025-2026,"443,900"
Vancouver,A1,YVR-YYZ,2025-2026,"477,600"
Vancouver,A1,YVR-YUL,2025-2026,"477,600"
Vancouver,A2,YVR-YYC,2025-2026,"466,300"
Vancouver,A2,YVR-YEG,2025-2026,"466,300"
Vancouver,A3,YVR-YLW,2025-2026,"455,100"
Vancouver,A3,YVR-YYJ,2025-2026,"455,100"
Vancouver,A4,YVR-YXY,2025-2026,"427,100"
Vancouver,A4,YVR-YXS,2025-2026,"427,100"
Victoria,G1,YYJ-YVR,2025-2026,"176,900"
Whitehorse,G1,YXY-YVR,2025-2026,"154,500"
Winnipeg,A1,YWG-YYC,2025-2026,"217,300"
Winnipeg,A1,YWG-YYZ,2025-2026,"217,300"
Yellowknife,A2,YZF-YEG,2025-2026,"152,200"
